dr,L1_error,L2_error,Linfty_error
0.02631578947368421,0.0329629667717598,0.137844994437966,12.29047644982745
0.01282051282051282,0.015296059870853257,0.07315286723047476,8.527699286564685
0.006329113924050633,0.0071190833557389826,0.03374112833857318,4.534273469882563
0.0031446540880503146,0.005554980724376048,0.029486538526887734,5.14041039167934
