dr,L1_error,L2_error,Linfty_error
0.02631578947368421,0.05996473025881886,0.2590562600837651,24.290476449827448
0.01282051282051282,0.028853390353193585,0.1600201876528821,20.527699286564687
0.006329113924050633,0.013922936529536512,0.09602206444149224,16.534273469882557
0.0031446540880503146,0.008861892481666247,0.07325781278998296,17.140410391679335
